ArchivoImagen;Clase
caladoraB&D1.png;caladoraBD
caladoraB&D2.png;caladoraBD
heladeraB&D1.png;heladeraBD
heladeraB&D2.png;heladeraBD
heladeraB&D3.png;heladeraBD
heladeraB&D4.png;heladeraBD
heladeraB&D5.png;heladeraBD
heladeraB&D6.png;heladeraBD
heladeraRetro1.png;heladeraRetro
heladeraRetro2.png;heladeraRetro
heladeraRetro3.png;heladeraRetro
heladeraWhirlpool1.png;heladeraWhirlpool
heladeraWhirlpool2.png;heladeraWhirlpool
heladeraWhirlpool3.png;heladeraWhirlpool
heladeraWhirlpool4.png;heladeraWhirlpool
heladeraWhirlpool5.png;heladeraWhirlpool
hidrolavadoraB&D1.png;hidrolavadoraBD
hidrolavadoraB&D2.png;hidrolavadoraBD
hidrolavadoraB&D3.png;hidrolavadoraBD
hidrolavadoraB&D4.png;hidrolavadoraBD
kayak2P1.png;kayak2P
kayak2P2.png;kayak2P
kayak2P3.png;kayak2P
kayakDoble1.png;kayakDoble
kayakDoble2.png;kayakDoble
kayakDoble3.png;kayakDoble
kayakDoble4.png;kayakDoble
kayakDoble5.png;kayakDoble
minitornoB&D1.png;minitornoBD
minitornoB&D2.png;minitornoBD
minitornoB&D3.png;minitornoBD
minitornoB&D4.png;minitornoBD
pingpong1.png;pingpong
pingpong2.png;pingpong
pingpong3.png;pingpong
pistolaCalorB&D1.png;pistolaCalorBD
pistolaCalorB&D2.png;pistolaCalorBD
pistolaCalorB&D3.png;pistolaCalorBD
pulidoraB&D1.png;pulidoraBD
pulidoraB&D2.png;pulidoraBD
pulidoraB&D3.png;pulidoraBD
pulidoraB&D4.png;pulidoraBD
taladroDewalt1.png;taladroDewalt
taladroDewalt2.png;taladroDewalt
taladroDewalt3.png;taladroDewalt
Licuadora01.jpg;Licuadora
Licuadora02.jpg;Licuadora
Licuadora03.jpg;Licuadora
Licuadora04.jpg;Licuadora
Licuadora05.jpg;Licuadora
Licuadora06.jpg;Licuadora
Licuadora07.jpg;Licuadora
Licuadora08.jpg;Licuadora
Licuadora09.jpg;Licuadora
Licuadora10.jpg;Licuadora
Microondas01.jpg;Microondas
Microondas02.jpg;Microondas
Microondas03.jpg;Microondas
Microondas04.jpg;Microondas
Microondas05.jpg;Microondas
Microondas06.jpg;Microondas
Microondas07.jpg;Microondas
Microondas08.jpg;Microondas
Microondas09.jpg;Microondas
Microondas10.jpg;Microondas
PavaElectrica01.jpg;Pava Electrica
PavaElectrica02.jpg;Pava Electrica
PavaElectrica03.jpg;Pava Electrica
PavaElectrica04.jpg;Pava Electrica
PavaElectrica05.jpg;Pava Electrica
PavaElectrica06.jpg;Pava Electrica
PavaElectrica07.jpg;Pava Electrica
PavaElectrica08.jpg;Pava Electrica
PavaElectrica09.jpg;Pava Electrica
PavaElectrica10.jpg;Pava Electrica
